[
{"booking_id":"AXZCC998","user_id":59,"booking_status":"confirmed","booking_platform":"www.Kwideo.com"    ,"creation_date":"2021-07-20","date_of_booking":"2021-07-20","check_in_date":"2021-01-19","check_out_date":"2021-01-20","hotel_id":110120,"room_id":[11012012],"room_count":1},
{"booking_id":"AXZCC345","user_id":19,"booking_status":"confirmed","booking_platform":"www.booking.com"   ,"creation_date":"2021-07-20","date_of_booking":"2021-07-20","check_in_date":"2020-11-30","check_out_date":"2020-12-01","hotel_id":110122,"room_id":[11012215],"room_count":1},
{"booking_id":"AXZCC667","user_id":38,"booking_status":"confirmed","booking_platform":"www.Dabshots.com"  ,"creation_date":"2021-07-20","date_of_booking":"2021-07-20","check_in_date":"2021-01-23","check_out_date":"2021-01-25","hotel_id":110123,"room_id":[11012312,11012313],"room_count":2},
{"booking_id":"AXZCC112","user_id":91,"booking_status":"confirmed","booking_platform":"www.Zoombeat.com"  ,"creation_date":"2021-07-20","date_of_booking":"2021-07-20","check_in_date":"2021-05-15","check_out_date":"2020-05-16","hotel_id":110124,"room_id":[11012412,11012413,11012414,11012415,11012488],"room_count":5},
{"booking_id":"AXZCC944","user_id":23,"booking_status":"confirmed","booking_platform":"www.Dabshots.com"  ,"creation_date":"2021-07-20","date_of_booking":"2021-07-20","check_in_date":"2021-05-24","check_out_date":"2021-05-26","hotel_id":110124,"room_id":[11012412,11012413],"room_count":2},
{"booking_id":"AXZCC650","user_id":27,"booking_status":"confirmed","booking_platform":"www.Kwideo.com"    ,"creation_date":"2021-07-20","date_of_booking":"2021-07-20","check_in_date":"2021-07-04","check_out_date":"2021-07-06","hotel_id":110124,"room_id":[11012412],"room_count":1},
{"booking_id":"AXZCC273","user_id":54,"booking_status":"confirmed","booking_platform":"www.Dabshots.com"  ,"creation_date":"2021-07-20","date_of_booking":"2021-07-20","check_in_date":"2021-02-04","check_out_date":"2021-02-05","hotel_id":110120,"room_id":[11012012,11012013,11012014,11012015],"room_count":4},
{"booking_id":"AXZCC704","user_id":41,"booking_status":"confirmed","booking_platform":"www.Dabshots.com"  ,"creation_date":"2021-07-20","date_of_booking":"2021-07-20","check_in_date":"2021-04-23","check_out_date":"2021-04-24","hotel_id":110123,"room_id":[11012312],"room_count":1},
{"booking_id":"AXZCC199","user_id":62,"booking_status":"failed"   ,"booking_platform":"www.Zoombeat.com"  ,"creation_date":"2021-07-20","date_of_booking":"2021-07-20","check_in_date":"2020-04-04","check_out_date":"2021-04-06","hotel_id":110122,"room_id":[11012212,11012213,11012214],"room_count":3},
{"booking_id":"AXZCC087","user_id":78,"booking_status":"failed"   ,"booking_platform":"www.Zoombeat.com"  ,"creation_date":"2021-07-20","date_of_booking":"2021-07-20","check_in_date":"2021-05-16","check_out_date":"2021-05-20","hotel_id":110122,"room_id":[11012212,11012213],"room_count":2}]
