[
{"hotel_id":"110120","hotel_name":"Iris","manager":"Lanni Gaskin","location_id":"334320457","latitude":-12.0463731,"longitude":-77.042754,     "images":["https://www.google.com/url?sa=i&url=https%3A%2F%2Fwww.hoteliermagazine.com%2Flti-releases-top-luxury-hotel-brands%2F&psig=AOvVaw2ua7-3FiCe0L1_iVFTyc2G&ust=1626796914102000&source=images&cd=vfe&ved=0CAsQjRxqFwoTCMDitfTA7_ECFQAAAAAdAAAAABAD", "https://www.google.com/url?sa=i&url=https%3A%2F%2Fcurlytales.com%2Fbest-luxury-hotels-in-the-world-to-live-life-king-size%2F&psig=AOvVaw2ua7-3FiCe0L1_iVFTyc2G&ust=1626796914102000&source=images&cd=vfe&ved=0CAsQjRxqFwoTCMDitfTA7_ECFQAAAAAdAAAAABAJ"],"facilities":["Spa","Semi open & outdoor restaurant","Poolside bar","Car parking","Swimming pool/ Jacuzzi","Public computer","Disable rooms & Interconnecting rooms","Hour security","Outside catering service","Seating capacity restaurant","Capacity outdoor terrace","Seating conference room","Seating private air-conditioning dining room","Water purification system","Sunset boat trip","Gift shop"],"address":"2940 Fairfield Terrace","about":"Nulla ac enim. In tempor, turpis nec euismod scelerisque, quam turpis adipiscing lorem, vitae mattis nibh ligula nec sem. Duis aliquam convallis nunc. Proin at turpis a pede posuere nonummy. Integer non velit. Donec diam neque, vestibulum eget, vulputate ut, ultrices vel, augue.","check_in":"11:23 AM","check_out":"10:44 AM"},
{"hotel_id":"110121","hotel_name":"Asoka","manager":"Darren Sarfas","location_id":"065174251","latitude":45.9956745,"longitude":20.0278794,    "images":["https://www.google.com/url?sa=i&url=https%3A%2F%2Fwww.hoteliermagazine.com%2Flti-releases-top-luxury-hotel-brands%2F&psig=AOvVaw2ua7-3FiCe0L1_iVFTyc2G&ust=1626796914102000&source=images&cd=vfe&ved=0CAsQjRxqFwoTCMDitfTA7_ECFQAAAAAdAAAAABAD", "https://www.google.com/url?sa=i&url=https%3A%2F%2Fcurlytales.com%2Fbest-luxury-hotels-in-the-world-to-live-life-king-size%2F&psig=AOvVaw2ua7-3FiCe0L1_iVFTyc2G&ust=1626796914102000&source=images&cd=vfe&ved=0CAsQjRxqFwoTCMDitfTA7_ECFQAAAAAdAAAAABAJ"],"facilities":["Spa","Semi open & outdoor restaurant","Poolside bar","Car parking","Swimming pool/ Jacuzzi","Public computer","Disable rooms & Interconnecting rooms","Hour security","Outside catering service","Seating capacity restaurant","Capacity outdoor terrace","Seating conference room","Seating private air-conditioning dining room","Water purification system","Sunset boat trip","Gift shop"],"address":"249 High Crossing Way","about":"Donec semper sapien a libero. Nam dui. Proin leo odio, porttitor id, consequat in, consequat ut, nulla. Sed accumsan felis. Ut at dolor quis odio consequat varius. Integer ac leo. Pellentesque ultrices mattis odio.","check_in":"11:37 AM","check_out":"10:59 AM"},
{"hotel_id":"110122","hotel_name":"Holdlamis","manager":"Hammad Legg","location_id":"949522333","latitude":59.3198495,"longitude":18.0754293,  "images":["https://www.google.com/url?sa=i&url=https%3A%2F%2Fwww.hoteliermagazine.com%2Flti-releases-top-luxury-hotel-brands%2F&psig=AOvVaw2ua7-3FiCe0L1_iVFTyc2G&ust=1626796914102000&source=images&cd=vfe&ved=0CAsQjRxqFwoTCMDitfTA7_ECFQAAAAAdAAAAABAD", "https://www.google.com/url?sa=i&url=https%3A%2F%2Fcurlytales.com%2Fbest-luxury-hotels-in-the-world-to-live-life-king-size%2F&psig=AOvVaw2ua7-3FiCe0L1_iVFTyc2G&ust=1626796914102000&source=images&cd=vfe&ved=0CAsQjRxqFwoTCMDitfTA7_ECFQAAAAAdAAAAABAJ"],"facilities":["Spa","Semi open & outdoor restaurant","Poolside bar","Car parking","Swimming pool/ Jacuzzi","Public computer","Disable rooms & Interconnecting rooms","Hour security","Outside catering service","Seating capacity restaurant","Capacity outdoor terrace","Seating conference room","Seating private air-conditioning dining room","Water purification system","Sunset boat trip","Gift shop"],"address":"63 Rieder Plaza","about":"Nulla tempus. Vivamus in felis eu sapien cursus vestibulum. Proin eu mi. Nulla ac enim. In tempor, turpis nec euismod scelerisque, quam turpis adipiscing lorem, vitae mattis nibh ligula nec sem. Duis aliquam convallis nunc. Proin at turpis a pede posuere nonummy. Integer non velit. Donec diam neque, vestibulum eget, vulputate ut, ultrices vel, augue.","check_in":"11:17 AM","check_out":"10:14 AM"},
{"hotel_id":"110123","hotel_name":"Greenlam","manager":"Care Downie","location_id":"125843185","latitude":30.47863,"longitude":111.459076,     "images":["https://www.google.com/url?sa=i&url=https%3A%2F%2Fwww.hoteliermagazine.com%2Flti-releases-top-luxury-hotel-brands%2F&psig=AOvVaw2ua7-3FiCe0L1_iVFTyc2G&ust=1626796914102000&source=images&cd=vfe&ved=0CAsQjRxqFwoTCMDitfTA7_ECFQAAAAAdAAAAABAD", "https://www.google.com/url?sa=i&url=https%3A%2F%2Fcurlytales.com%2Fbest-luxury-hotels-in-the-world-to-live-life-king-size%2F&psig=AOvVaw2ua7-3FiCe0L1_iVFTyc2G&ust=1626796914102000&source=images&cd=vfe&ved=0CAsQjRxqFwoTCMDitfTA7_ECFQAAAAAdAAAAABAJ"],"facilities":["Spa","Semi open & outdoor restaurant","Poolside bar","Car parking","Swimming pool/ Jacuzzi","Public computer","Disable rooms & Interconnecting rooms","Hour security","Outside catering service","Seating capacity restaurant","Capacity outdoor terrace","Seating conference room","Seating private air-conditioning dining room","Water purification system","Sunset boat trip","Gift shop"],"address":"64707 Acker Way","about":"Nulla nisl. Nunc nisl. Duis bibendum, felis sed interdum venenatis, turpis enim blandit mi, in porttitor pede justo eu massa. Donec dapibus. Duis at velit eu est congue elementum. In hac habitasse platea dictumst. Morbi vestibulum, velit id pretium iaculis, diam erat fermentum justo, nec condimentum neque sapien placerat ante.","check_in":"11:56 AM","check_out":"10:11 AM"},
{"hotel_id":"110124","hotel_name":"Aurelia","manager":"Reine Nuschke","location_id":"927251986","latitude":41.0875099,"longitude":-81.6363869, "images":["https://www.google.com/url?sa=i&url=https%3A%2F%2Fwww.hoteliermagazine.com%2Flti-releases-top-luxury-hotel-brands%2F&psig=AOvVaw2ua7-3FiCe0L1_iVFTyc2G&ust=1626796914102000&source=images&cd=vfe&ved=0CAsQjRxqFwoTCMDitfTA7_ECFQAAAAAdAAAAABAD", "https://www.google.com/url?sa=i&url=https%3A%2F%2Fcurlytales.com%2Fbest-luxury-hotels-in-the-world-to-live-life-king-size%2F&psig=AOvVaw2ua7-3FiCe0L1_iVFTyc2G&ust=1626796914102000&source=images&cd=vfe&ved=0CAsQjRxqFwoTCMDitfTA7_ECFQAAAAAdAAAAABAJ"],"facilities":["Spa","Semi open & outdoor restaurant","Poolside bar","Car parking","Swimming pool/ Jacuzzi","Public computer","Disable rooms & Interconnecting rooms","Hour security","Outside catering service","Seating capacity restaurant","Capacity outdoor terrace","Seating conference room","Seating private air-conditioning dining room","Water purification system","Sunset boat trip","Gift shop"],"address":"09836 Havey Hill","about":"Pellentesque at nulla. Suspendisse potenti. Cras in purus eu magna vulputate luctus. Cum sociis natoque penatibus et magnis dis parturient montes, nascetur ridiculus mus. Vivamus vestibulum sagittis sapien. Cum sociis natoque penatibus et magnis dis parturient montes, nascetur ridiculus mus. Etiam vel augue. Vestibulum rutrum rutrum neque. Aenean auctor gravida sem. Praesent id massa id nisl venenatis lacinia.","check_in":"11:03 AM","check_out":"10:04 AM"}
]

