[
{"location_id":"065174251","country":"Germany","state":"Berlin","city":"Berlin","latitude":50.5205623,"longitude":116.3132019},
{"location_id":"949522333","country":"Germany","state":"Baden-Württemberg","city":"Heidelberg","latitude":15.8971172,"longitude":100.1031202},
{"location_id":"334320457","country":"United States","state":"California","city":"Los Angeles","latitude":6.919884,"longitude":122.0616469},
{"location_id":"125843185","country":"United States","state":"New York","city":"New York","latitude":-19.2236514,"longitude":-45.0056921},
{"location_id":"927251986","country":"Tanzania","state":"","city":"Urambo","latitude":-5.0776795,"longitude":32.0695406},
{"location_id":"677251986","country":"Laos","state":"","city":"Muang Phôn-Hông","latitude":18.5054233,"longitude":102.4179988},
{"location_id":"297256686","country":"Greece","state":"","city":"Pásion","latitude":38.0134548,"longitude":22.7275436},
{"location_id":"188843185","country":"Venezuela" ,"state":"","city":"El Corozo","latitude":8.5681393,"longitude":-70.3583879},
{"location_id":"949521033","country":"Philippines","state":"","city":"Tanjay","latitude":14.6925714,"longitude":121.0468246},
{"location_id":"334020457","country":"New Zealand","state":"","city":"Nelson","latitude":-36.8537995,"longitude":174.7573811}
]