[
{"month":"Jan","price":"€246,93","room_type_id":1,"hotel_id":110120},
{"month":"Feb","price":"€274,64","room_type_id":1,"hotel_id":110120},
{"month":"Mar","price":"€281,04","room_type_id":1,"hotel_id":110120},
{"month":"Apr","price":"€140,94","room_type_id":1,"hotel_id":110120},
{"month":"May","price":"€234,02","room_type_id":1,"hotel_id":110120},
{"month":"Jun","price":"€153,23","room_type_id":1,"hotel_id":110120},
{"month":"Jul","price":"€117,59","room_type_id":1,"hotel_id":110120},
{"month":"Aug","price":"€285,23","room_type_id":1,"hotel_id":110120},
{"month":"Sep","price":"€129,64","room_type_id":1,"hotel_id":110120},
{"month":"Oct","price":"€227,05","room_type_id":1,"hotel_id":110120},
{"month":"Nov","price":"€229,57","room_type_id":1,"hotel_id":110120},
{"month":"Dec","price":"€237,25","room_type_id":1,"hotel_id":110120},
{"month":"Jan","price":"€178,61","room_type_id":2,"hotel_id":110120},
{"month":"Feb","price":"€217,00","room_type_id":2,"hotel_id":110120},
{"month":"Mar","price":"€298,79","room_type_id":2,"hotel_id":110120},
{"month":"Apr","price":"€182,39","room_type_id":2,"hotel_id":110120},
{"month":"May","price":"€132,99","room_type_id":2,"hotel_id":110120},
{"month":"Jun","price":"€297,82","room_type_id":2,"hotel_id":110120},
{"month":"Jul","price":"€263,18","room_type_id":2,"hotel_id":110120},
{"month":"Aug","price":"€134,51","room_type_id":2,"hotel_id":110120},
{"month":"Sep","price":"€218,89","room_type_id":2,"hotel_id":110120},
{"month":"Oct","price":"€206,57","room_type_id":2,"hotel_id":110120},
{"month":"Nov","price":"€178,94","room_type_id":2,"hotel_id":110120},
{"month":"Dec","price":"€188,03","room_type_id":2,"hotel_id":110120},
{"month":"Jan","price":"€147,77","room_type_id":3,"hotel_id":110120},
{"month":"Feb","price":"€165,67","room_type_id":3,"hotel_id":110120},
{"month":"Mar","price":"€250,19","room_type_id":3,"hotel_id":110120},
{"month":"Apr","price":"€122,70","room_type_id":3,"hotel_id":110120},
{"month":"May","price":"€230,61","room_type_id":3,"hotel_id":110120},
{"month":"Jun","price":"€160,34","room_type_id":3,"hotel_id":110120},
{"month":"Jul","price":"€171,02","room_type_id":3,"hotel_id":110120},
{"month":"Aug","price":"€255,92","room_type_id":3,"hotel_id":110120},
{"month":"Sep","price":"€131,82","room_type_id":3,"hotel_id":110120},
{"month":"Oct","price":"€161,89","room_type_id":3,"hotel_id":110120},
{"month":"Nov","price":"€234,25","room_type_id":3,"hotel_id":110120},
{"month":"Dec","price":"€169,00","room_type_id":3,"hotel_id":110120},
{"month":"Jan","price":"€283,44","room_type_id":4,"hotel_id":110120},
{"month":"Feb","price":"€221,18","room_type_id":4,"hotel_id":110120},
{"month":"Mar","price":"€145,73","room_type_id":4,"hotel_id":110120},
{"month":"Apr","price":"€252,57","room_type_id":4,"hotel_id":110120},
{"month":"May","price":"€239,23","room_type_id":4,"hotel_id":110120},
{"month":"Jun","price":"€256,42","room_type_id":4,"hotel_id":110120},
{"month":"Jul","price":"€192,10","room_type_id":4,"hotel_id":110120},
{"month":"Aug","price":"€137,07","room_type_id":4,"hotel_id":110120},
{"month":"Sep","price":"€103,06","room_type_id":4,"hotel_id":110120},
{"month":"Oct","price":"€127,08","room_type_id":4,"hotel_id":110120},
{"month":"Nov","price":"€269,48","room_type_id":4,"hotel_id":110120},
{"month":"Dec","price":"€283,45","room_type_id":4,"hotel_id":110120},
{"month":"Jan","price":"€246,93","room_type_id":1,"hotel_id":110121},
{"month":"Feb","price":"€274,64","room_type_id":1,"hotel_id":110121},
{"month":"Mar","price":"€281,04","room_type_id":1,"hotel_id":110121},
{"month":"Apr","price":"€140,94","room_type_id":1,"hotel_id":110121},
{"month":"May","price":"€234,02","room_type_id":1,"hotel_id":110121},
{"month":"Jun","price":"€153,23","room_type_id":1,"hotel_id":110121},
{"month":"Jul","price":"€117,59","room_type_id":1,"hotel_id":110121},
{"month":"Aug","price":"€285,23","room_type_id":1,"hotel_id":110121},
{"month":"Sep","price":"€129,64","room_type_id":1,"hotel_id":110121},
{"month":"Oct","price":"€227,05","room_type_id":1,"hotel_id":110121},
{"month":"Nov","price":"€229,57","room_type_id":1,"hotel_id":110121},
{"month":"Dec","price":"€237,25","room_type_id":1,"hotel_id":110121},
{"month":"Jan","price":"€178,61","room_type_id":2,"hotel_id":110121},
{"month":"Feb","price":"€217,00","room_type_id":2,"hotel_id":110121},
{"month":"Mar","price":"€298,79","room_type_id":2,"hotel_id":110121},
{"month":"Apr","price":"€182,39","room_type_id":2,"hotel_id":110121},
{"month":"May","price":"€132,99","room_type_id":2,"hotel_id":110121},
{"month":"Jun","price":"€297,82","room_type_id":2,"hotel_id":110121},
{"month":"Jul","price":"€263,18","room_type_id":2,"hotel_id":110121},
{"month":"Aug","price":"€134,51","room_type_id":2,"hotel_id":110121},
{"month":"Sep","price":"€218,89","room_type_id":2,"hotel_id":110121},
{"month":"Oct","price":"€206,57","room_type_id":2,"hotel_id":110121},
{"month":"Nov","price":"€178,94","room_type_id":2,"hotel_id":110121},
{"month":"Dec","price":"€188,03","room_type_id":2,"hotel_id":110121},
{"month":"Jan","price":"€147,77","room_type_id":3,"hotel_id":110121},
{"month":"Feb","price":"€165,67","room_type_id":3,"hotel_id":110121},
{"month":"Mar","price":"€250,19","room_type_id":3,"hotel_id":110121},
{"month":"Apr","price":"€122,70","room_type_id":3,"hotel_id":110121},
{"month":"May","price":"€230,61","room_type_id":3,"hotel_id":110121},
{"month":"Jun","price":"€160,34","room_type_id":3,"hotel_id":110121},
{"month":"Jul","price":"€171,02","room_type_id":3,"hotel_id":110121},
{"month":"Aug","price":"€255,92","room_type_id":3,"hotel_id":110121},
{"month":"Sep","price":"€131,82","room_type_id":3,"hotel_id":110121},
{"month":"Oct","price":"€161,89","room_type_id":3,"hotel_id":110121},
{"month":"Nov","price":"€234,25","room_type_id":3,"hotel_id":110121},
{"month":"Dec","price":"€169,00","room_type_id":3,"hotel_id":110121},
{"month":"Jan","price":"€283,44","room_type_id":4,"hotel_id":110121},
{"month":"Feb","price":"€221,18","room_type_id":4,"hotel_id":110121},
{"month":"Mar","price":"€145,73","room_type_id":4,"hotel_id":110121},
{"month":"Apr","price":"€252,57","room_type_id":4,"hotel_id":110121},
{"month":"May","price":"€239,23","room_type_id":4,"hotel_id":110121},
{"month":"Jun","price":"€256,42","room_type_id":4,"hotel_id":110121},
{"month":"Jul","price":"€192,10","room_type_id":4,"hotel_id":110121},
{"month":"Aug","price":"€137,07","room_type_id":4,"hotel_id":110121},
{"month":"Sep","price":"€103,06","room_type_id":4,"hotel_id":110121},
{"month":"Oct","price":"€127,08","room_type_id":4,"hotel_id":110121},
{"month":"Nov","price":"€269,48","room_type_id":4,"hotel_id":110121},
{"month":"Dec","price":"€283,45","room_type_id":4,"hotel_id":110121},
{"month":"Jan","price":"€246,93","room_type_id":1,"hotel_id":110122},
{"month":"Feb","price":"€274,64","room_type_id":1,"hotel_id":110122},
{"month":"Mar","price":"€281,04","room_type_id":1,"hotel_id":110122},
{"month":"Apr","price":"€140,94","room_type_id":1,"hotel_id":110122},
{"month":"May","price":"€234,02","room_type_id":1,"hotel_id":110122},
{"month":"Jun","price":"€153,23","room_type_id":1,"hotel_id":110122},
{"month":"Jul","price":"€117,59","room_type_id":1,"hotel_id":110122},
{"month":"Aug","price":"€285,23","room_type_id":1,"hotel_id":110122},
{"month":"Sep","price":"€129,64","room_type_id":1,"hotel_id":110122},
{"month":"Oct","price":"€227,05","room_type_id":1,"hotel_id":110122},
{"month":"Nov","price":"€229,57","room_type_id":1,"hotel_id":110122},
{"month":"Dec","price":"€237,25","room_type_id":1,"hotel_id":110122},
{"month":"Jan","price":"€178,61","room_type_id":2,"hotel_id":110122},
{"month":"Feb","price":"€217,00","room_type_id":2,"hotel_id":110122},
{"month":"Mar","price":"€298,79","room_type_id":2,"hotel_id":110122},
{"month":"Apr","price":"€182,39","room_type_id":2,"hotel_id":110122},
{"month":"May","price":"€132,99","room_type_id":2,"hotel_id":110122},
{"month":"Jun","price":"€297,82","room_type_id":2,"hotel_id":110122},
{"month":"Jul","price":"€263,18","room_type_id":2,"hotel_id":110122},
{"month":"Aug","price":"€134,51","room_type_id":2,"hotel_id":110122},
{"month":"Sep","price":"€218,89","room_type_id":2,"hotel_id":110122},
{"month":"Oct","price":"€206,57","room_type_id":2,"hotel_id":110122},
{"month":"Nov","price":"€178,94","room_type_id":2,"hotel_id":110122},
{"month":"Dec","price":"€188,03","room_type_id":2,"hotel_id":110122},
{"month":"Jan","price":"€147,77","room_type_id":3,"hotel_id":110122},
{"month":"Feb","price":"€165,67","room_type_id":3,"hotel_id":110122},
{"month":"Mar","price":"€250,19","room_type_id":3,"hotel_id":110122},
{"month":"Apr","price":"€122,70","room_type_id":3,"hotel_id":110122},
{"month":"May","price":"€230,61","room_type_id":3,"hotel_id":110122},
{"month":"Jun","price":"€160,34","room_type_id":3,"hotel_id":110122},
{"month":"Jul","price":"€171,02","room_type_id":3,"hotel_id":110122},
{"month":"Aug","price":"€255,92","room_type_id":3,"hotel_id":110122},
{"month":"Sep","price":"€131,82","room_type_id":3,"hotel_id":110122},
{"month":"Oct","price":"€161,89","room_type_id":3,"hotel_id":110122},
{"month":"Nov","price":"€234,25","room_type_id":3,"hotel_id":110122},
{"month":"Dec","price":"€169,00","room_type_id":3,"hotel_id":110122},
{"month":"Jan","price":"€283,44","room_type_id":4,"hotel_id":110122},
{"month":"Feb","price":"€221,18","room_type_id":4,"hotel_id":110122},
{"month":"Mar","price":"€145,73","room_type_id":4,"hotel_id":110122},
{"month":"Apr","price":"€252,57","room_type_id":4,"hotel_id":110122},
{"month":"May","price":"€239,23","room_type_id":4,"hotel_id":110122},
{"month":"Jun","price":"€256,42","room_type_id":4,"hotel_id":110122},
{"month":"Jul","price":"€192,10","room_type_id":4,"hotel_id":110122},
{"month":"Aug","price":"€137,07","room_type_id":4,"hotel_id":110122},
{"month":"Sep","price":"€103,06","room_type_id":4,"hotel_id":110122},
{"month":"Oct","price":"€127,08","room_type_id":4,"hotel_id":110122},
{"month":"Nov","price":"€269,48","room_type_id":4,"hotel_id":110122},
{"month":"Dec","price":"€283,45","room_type_id":4,"hotel_id":110122},
{"month":"Jan","price":"€246,93","room_type_id":1,"hotel_id":110123},
{"month":"Feb","price":"€274,64","room_type_id":1,"hotel_id":110123},
{"month":"Mar","price":"€281,04","room_type_id":1,"hotel_id":110123},
{"month":"Apr","price":"€140,94","room_type_id":1,"hotel_id":110123},
{"month":"May","price":"€234,02","room_type_id":1,"hotel_id":110123},
{"month":"Jun","price":"€153,23","room_type_id":1,"hotel_id":110123},
{"month":"Jul","price":"€117,59","room_type_id":1,"hotel_id":110123},
{"month":"Aug","price":"€285,23","room_type_id":1,"hotel_id":110123},
{"month":"Sep","price":"€129,64","room_type_id":1,"hotel_id":110123},
{"month":"Oct","price":"€227,05","room_type_id":1,"hotel_id":110123},
{"month":"Nov","price":"€229,57","room_type_id":1,"hotel_id":110123},
{"month":"Dec","price":"€237,25","room_type_id":1,"hotel_id":110123},
{"month":"Jan","price":"€178,61","room_type_id":2,"hotel_id":110123},
{"month":"Feb","price":"€217,00","room_type_id":2,"hotel_id":110123},
{"month":"Mar","price":"€298,79","room_type_id":2,"hotel_id":110123},
{"month":"Apr","price":"€182,39","room_type_id":2,"hotel_id":110123},
{"month":"May","price":"€132,99","room_type_id":2,"hotel_id":110123},
{"month":"Jun","price":"€297,82","room_type_id":2,"hotel_id":110123},
{"month":"Jul","price":"€263,18","room_type_id":2,"hotel_id":110123},
{"month":"Aug","price":"€134,51","room_type_id":2,"hotel_id":110123},
{"month":"Sep","price":"€218,89","room_type_id":2,"hotel_id":110123},
{"month":"Oct","price":"€206,57","room_type_id":2,"hotel_id":110123},
{"month":"Nov","price":"€178,94","room_type_id":2,"hotel_id":110123},
{"month":"Dec","price":"€188,03","room_type_id":2,"hotel_id":110123},
{"month":"Jan","price":"€147,77","room_type_id":3,"hotel_id":110123},
{"month":"Feb","price":"€165,67","room_type_id":3,"hotel_id":110123},
{"month":"Mar","price":"€250,19","room_type_id":3,"hotel_id":110123},
{"month":"Apr","price":"€122,70","room_type_id":3,"hotel_id":110123},
{"month":"May","price":"€230,61","room_type_id":3,"hotel_id":110123},
{"month":"Jun","price":"€160,34","room_type_id":3,"hotel_id":110123},
{"month":"Jul","price":"€171,02","room_type_id":3,"hotel_id":110123},
{"month":"Aug","price":"€255,92","room_type_id":3,"hotel_id":110123},
{"month":"Sep","price":"€131,82","room_type_id":3,"hotel_id":110123},
{"month":"Oct","price":"€161,89","room_type_id":3,"hotel_id":110123},
{"month":"Nov","price":"€234,25","room_type_id":3,"hotel_id":110123},
{"month":"Dec","price":"€169,00","room_type_id":3,"hotel_id":110123},
{"month":"Jan","price":"€283,44","room_type_id":4,"hotel_id":110123},
{"month":"Feb","price":"€221,18","room_type_id":4,"hotel_id":110123},
{"month":"Mar","price":"€145,73","room_type_id":4,"hotel_id":110123},
{"month":"Apr","price":"€252,57","room_type_id":4,"hotel_id":110123},
{"month":"May","price":"€239,23","room_type_id":4,"hotel_id":110123},
{"month":"Jun","price":"€256,42","room_type_id":4,"hotel_id":110123},
{"month":"Jul","price":"€192,10","room_type_id":4,"hotel_id":110123},
{"month":"Aug","price":"€137,07","room_type_id":4,"hotel_id":110123},
{"month":"Sep","price":"€103,06","room_type_id":4,"hotel_id":110123},
{"month":"Oct","price":"€127,08","room_type_id":4,"hotel_id":110123},
{"month":"Nov","price":"€269,48","room_type_id":4,"hotel_id":110123},
{"month":"Dec","price":"€283,45","room_type_id":4,"hotel_id":110123},
{"month":"Jan","price":"€246,93","room_type_id":1,"hotel_id":110124},
{"month":"Feb","price":"€274,64","room_type_id":1,"hotel_id":110124},
{"month":"Mar","price":"€281,04","room_type_id":1,"hotel_id":110124},
{"month":"Apr","price":"€140,94","room_type_id":1,"hotel_id":110124},
{"month":"May","price":"€234,02","room_type_id":1,"hotel_id":110124},
{"month":"Jun","price":"€153,23","room_type_id":1,"hotel_id":110124},
{"month":"Jul","price":"€117,59","room_type_id":1,"hotel_id":110124},
{"month":"Aug","price":"€285,23","room_type_id":1,"hotel_id":110124},
{"month":"Sep","price":"€129,64","room_type_id":1,"hotel_id":110124},
{"month":"Oct","price":"€227,05","room_type_id":1,"hotel_id":110124},
{"month":"Nov","price":"€229,57","room_type_id":1,"hotel_id":110124},
{"month":"Dec","price":"€237,25","room_type_id":1,"hotel_id":110124},
{"month":"Jan","price":"€178,61","room_type_id":2,"hotel_id":110124},
{"month":"Feb","price":"€217,00","room_type_id":2,"hotel_id":110124},
{"month":"Mar","price":"€298,79","room_type_id":2,"hotel_id":110124},
{"month":"Apr","price":"€182,39","room_type_id":2,"hotel_id":110124},
{"month":"May","price":"€132,99","room_type_id":2,"hotel_id":110124},
{"month":"Jun","price":"€297,82","room_type_id":2,"hotel_id":110124},
{"month":"Jul","price":"€263,18","room_type_id":2,"hotel_id":110124},
{"month":"Aug","price":"€134,51","room_type_id":2,"hotel_id":110124},
{"month":"Sep","price":"€218,89","room_type_id":2,"hotel_id":110124},
{"month":"Oct","price":"€206,57","room_type_id":2,"hotel_id":110124},
{"month":"Nov","price":"€178,94","room_type_id":2,"hotel_id":110124},
{"month":"Dec","price":"€188,03","room_type_id":2,"hotel_id":110124},
{"month":"Jan","price":"€147,77","room_type_id":3,"hotel_id":110124},
{"month":"Feb","price":"€165,67","room_type_id":3,"hotel_id":110124},
{"month":"Mar","price":"€250,19","room_type_id":3,"hotel_id":110124},
{"month":"Apr","price":"€122,70","room_type_id":3,"hotel_id":110124},
{"month":"May","price":"€230,61","room_type_id":3,"hotel_id":110124},
{"month":"Jun","price":"€160,34","room_type_id":3,"hotel_id":110124},
{"month":"Jul","price":"€171,02","room_type_id":3,"hotel_id":110124},
{"month":"Aug","price":"€255,92","room_type_id":3,"hotel_id":110124},
{"month":"Sep","price":"€131,82","room_type_id":3,"hotel_id":110124},
{"month":"Oct","price":"€161,89","room_type_id":3,"hotel_id":110124},
{"month":"Nov","price":"€234,25","room_type_id":3,"hotel_id":110124},
{"month":"Dec","price":"€169,00","room_type_id":3,"hotel_id":110124},
{"month":"Jan","price":"€283,44","room_type_id":4,"hotel_id":110124},
{"month":"Feb","price":"€221,18","room_type_id":4,"hotel_id":110124},
{"month":"Mar","price":"€145,73","room_type_id":4,"hotel_id":110124},
{"month":"Apr","price":"€252,57","room_type_id":4,"hotel_id":110124},
{"month":"May","price":"€239,23","room_type_id":4,"hotel_id":110124},
{"month":"Jun","price":"€256,42","room_type_id":4,"hotel_id":110124},
{"month":"Jul","price":"€192,10","room_type_id":4,"hotel_id":110124},
{"month":"Aug","price":"€137,07","room_type_id":4,"hotel_id":110124},
{"month":"Sep","price":"€103,06","room_type_id":4,"hotel_id":110124},
{"month":"Oct","price":"€127,08","room_type_id":4,"hotel_id":110124},
{"month":"Nov","price":"€269,48","room_type_id":4,"hotel_id":110124},
{"month":"Dec","price":"€283,45","room_type_id":4,"hotel_id":110124}
]