[
    {"hotel_id": "110120","room_type_id":1,"room_name": "Deluxe Room, 1 king","room_capacity": 2,                      "room_id": [11012011,11012012,11012013,11012014,11012015,11012021,11012022,11012023,11012024,11012025,11012031,11012032,11012033,11012034,11012035],"total_rooms": 15,"room_feature": ["Mini Bar","Parquet Flooring","Walk-In Closet","Work Desk","Tv","electric kettle","hair dryer"]},
    {"hotel_id": "110120","room_type_id":2,"room_name": "Family Ensuite, 2 King","room_capacity": 4,                   "room_id": [11012041,11012042,11012043,11012044,11012045,11012051,11012052,11012053,11012054,11012055,11012061,11012062,11012063,11012064,11012065],"total_rooms": 15,"room_feature": ["Mini Bar","Parquet Flooring","Walk-In Closet","Work Desk","Tv","electric kettle","hair dryer","Dining Table For 6","Babysitting / Child Care"]},
    {"hotel_id": "110120","room_type_id":3,"room_name": "Capital Ensuite, Deluxe +  XL","room_capacity": 2,            "room_id": [1101201, 1101202, 1101203, 1101204, 1101205, 1101206, 1101207, 1101208, 1101209, 11012010],"total_rooms": 10,"room_feature": ["Mini Bar","Parquet Flooring","Walk-In Closet","Work Desk","Tv","electric kettle","hair dryer","Walk-In Closet","Pool view"]},
    {"hotel_id": "110120","room_type_id":4,"room_name": "Capital Family Ensuite - Capital + 2 king","room_capacity": 4,"room_id": [11012071,11012072,11012073,11012074,11012075,11012076,11012077,11012078,11012079,11012080],"total_rooms": 10,"room_feature": ["Mini Bar","Parquet Flooring","Walk-In Closet","Work Desk","Tv","electric kettle","hair dryer","Walk-In Closet","Pool view","Dining Table For 6","Babysitting / Child Care"]},
    {"hotel_id": "110121","room_type_id":1,"room_name": "Deluxe Room, 1 king","room_capacity": 2,                      "room_id": [11012111,11012112,11012113,11012114,11012115,11012121,11012122,11012123,11012124,11012125,11012131,11012132,11012133,11012134,11012135],"total_rooms": 15,"room_feature": ["Mini Bar","Parquet Flooring","Walk-In Closet","Work Desk","Tv","electric kettle","hair dryer"]},
    {"hotel_id": "110121","room_type_id":2,"room_name": "Family Ensuite, 2 King","room_capacity": 4,                   "room_id": [11012141,11012142,11012143,11012144,11012145,11012151,11012152,11012153,11012154,11012155,11012161,11012162,11012163,11012164,11012165],"total_rooms": 15,"room_feature": ["Mini Bar","Parquet Flooring","Walk-In Closet","Work Desk","Tv","electric kettle","hair dryer","Dining Table For 6","Babysitting / Child Care"]},
    {"hotel_id": "110121","room_type_id":3,"room_name": "Capital Ensuite, Deluxe +  XL","room_capacity": 2,            "room_id": [1101211, 1101212, 1101213, 1101214, 1101215, 1101216, 1101217, 1101218, 1101219, 11012110],"total_rooms": 10,"room_feature": ["Mini Bar","Parquet Flooring","Walk-In Closet","Work Desk","Tv","electric kettle","hair dryer","Walk-In Closet","Pool view"]},
    {"hotel_id": "110121","room_type_id":4,"room_name": "Capital Family Ensuite - Capital + 2 king","room_capacity": 4,"room_id": [11012171,11012172,11012173,11012174,11012175,11012176,11012177,11012178,11012179,11012180],"total_rooms": 10,"room_feature": ["Mini Bar","Parquet Flooring","Walk-In Closet","Work Desk","Tv","electric kettle","hair dryer","Walk-In Closet","Pool view","Dining Table For 6","Babysitting / Child Care"]},
    {"hotel_id": "110122","room_type_id":1,"room_name": "Deluxe Room, 1 king","room_capacity": 2,                      "room_id": [11012211,11012212,11012213,11012214,11012215,11012221,11012222,11012223,11012224,11012225,11012231,11012232,11012233,11012234,11012235],"total_rooms": 15,"room_feature": ["Mini Bar","Parquet Flooring","Walk-In Closet","Work Desk","Tv","electric kettle","hair dryer"]},
    {"hotel_id": "110122","room_type_id":2,"room_name": "Family Ensuite, 2 King","room_capacity": 4,                   "room_id": [11012241,11012242,11012243,11012244,11012245,11012251,11012252,11012253,11012254,11012255,11012261,11012262,11012263,11012264,11012265],"total_rooms": 15,"room_feature": ["Mini Bar","Parquet Flooring","Walk-In Closet","Work Desk","Tv","electric kettle","hair dryer","Dining Table For 6","Babysitting / Child Care" ]},
    {"hotel_id": "110122","room_type_id":3,"room_name": "Capital Ensuite, Deluxe +  XL","room_capacity": 2,            "room_id": [1101221, 1101222, 1101223, 1101224, 1101225, 1101226, 1101227, 1101228, 1101229, 11012210],"total_rooms": 10,"room_feature": ["Mini Bar","Parquet Flooring","Walk-In Closet","Work Desk","Tv","electric kettle","hair dryer","Walk-In Closet","Pool view"]},
    {"hotel_id": "110122","room_type_id":4,"room_name": "Capital Family Ensuite - Capital + 2 king","room_capacity": 4,"room_id": [11012271,11012272,11012273,11012274,11012275,11012276,11012277,11012278,11012279,11012280],"total_rooms": 10,"room_feature": ["Mini Bar","Parquet Flooring","Walk-In Closet","Work Desk","Tv","electric kettle","hair dryer","Walk-In Closet","Pool view","Dining Table For 6","Babysitting / Child Care"]},
    {"hotel_id": "110123","room_type_id":1,"room_name": "Deluxe Room, 1 king","room_capacity": 2,                      "room_id": [11012311,11012312,11012313,11012314,11012315],"total_rooms": 5,"room_feature": ["Mini Bar","Parquet Flooring","Walk-In Closet","Work Desk","Tv","electric kettle","hair dryer"]},
    {"hotel_id": "110123","room_type_id":2,"room_name": "Family Ensuite, 2 King","room_capacity": 4,                   "room_id": [11012341,11012342,11012343,11012344,11012345,11012351,11012352,11012353,11012354,11012355],"total_rooms": 10,"room_feature": ["Mini Bar","Parquet Flooring","Walk-In Closet","Work Desk","Tv","electric kettle","hair dryer","Dining Table For 6","Babysitting / Child Care"]},
    {"hotel_id": "110123","room_type_id":3,"room_name": "Capital Ensuite, Deluxe +  XL","room_capacity": 2,            "room_id": [1101231, 1101232, 1101233, 1101234, 1101235],"total_rooms": 5,"room_feature": ["Mini Bar","Parquet Flooring","Walk-In Closet","Work Desk", "Tv","electric kettle","hair dryer","Walk-In Closet","Pool view"]},
    {"hotel_id": "110123","room_type_id":4,"room_name": "Capital Family Ensuite - Capital + 2 king","room_capacity": 4,"room_id": [11012371,11012372,11012373,11012374,11012375],"total_rooms": 5,"room_feature": ["Mini Bar","Parquet Flooring","Walk-In Closet","Work Desk","Tv","electric kettle","hair dryer","Walk-In Closet","Pool view","Dining Table For 6","Babysitting / Child Care"]},
    {"hotel_id": "110124","room_type_id":1,"room_name": "Deluxe Room, 1 king","room_capacity": 2,                      "room_id": [11012411,11012412,11012413,11012414,11012415],"total_rooms": 5,"room_feature": ["Mini Bar","Parquet Flooring","Walk-In Closet","Work Desk","Tv","electric kettle","hair dryer"]},
    {"hotel_id": "110124","room_type_id":2,"room_name": "Family Ensuite, 2 King","room_capacity": 4,                   "room_id": [11012441,11012442,11012443,11012444,11012445,11012451,11012452,11012453,11012454,11012455],"total_rooms": 10,"room_feature": ["Mini Bar","Parquet Flooring","Walk-In Closet","Work Desk","Tv","electric kettle","hair dryer","Dining Table For 6","Babysitting / Child Care"]},
    {"hotel_id": "110124","room_type_id":3,"room_name": "Capital Ensuite, Deluxe +  XL","room_capacity": 2,            "room_id": [1101241, 1101242, 1101243, 1101244, 1101245],"total_rooms": 5,"room_feature": ["Mini Bar","Parquet Flooring","Walk-In Closet","Work Desk","Tv","electric kettle","hair dryer","Walk-In Closet","Pool view"]},
    {"hotel_id": "110124","room_type_id":4,"room_name": "Capital Family Ensuite - Capital + 2 king","room_capacity": 4,"room_id": [11012471,11012472,11012473,11012474,11012475],"total_rooms": 5,"room_feature": ["Mini Bar","Parquet Flooring","Walk-In Closet","Work Desk","Tv","electric kettle","hair dryer","Walk-In Closet","Pool view","Dining Table For 6","Babysitting / Child Care"]}
    ]