[{
	"_id": {
		"$oid": "60f32bfddd92e5c5c04b6b29"
	},
	"tr_number": 1,
	"tr_date": "2021-01-01 00:02",
	"tr_type": "sales",
	"subtype": "bookings",
	"customer_id": 1,
	"customer_name": "Manuel Neuer",
	"customer_type": "business",
	"remarks": "no",
	"hotel_id": "Berlin",
	"booking_id": 1.1,
	"room_type": 1,
	"room_number": 101,
	"check_in": "2021-01-03",
	"check_out": "2021-01-05",
	"duration": 2,
	"room_price_base": 200,
	"room_tax_7": 14,
	"room_price_taxed": 214,
	"amount_due": 428,
	"amount_paid": 428,
	"payment_method": "card",
	"debit_ac": "bank",
	"credit_ac": "sales",
	"debit_amount": 428,
	"credit_amount": 428
},
{
	"_id": {
		"$oid": "60f3571edd92e5c5c04b6b2a"
	},
	"tr_number": 2,
	"tr_date": "2021-01-01 09:00",
	"tr_type": "purchases",
	"subtype": "supplies",
	"vendor_id": 1,
	"vendor_name": "Rewe",
	"remarks": "no",
	"hotel_id": "Berlin",
	"invoice_id": 1.1,
	"item": "cleaning supplies",
	"rate": 0.5,
	"quantity": 10000,
	"amount_due": 5000,
	"amount_paid": 5000,
	"payment_method": "bank",
	"debit_ac": "purchases",
	"credit_ac": "bank",
	"debit_amount": 5000,
	"credit_amount": 5000,
	"inventory_consumed": 0,
	"inventory_left": 10000
},
{
	"_id": {
		"$oid": "60f5adb2f586f00cf5810b15"
	},
	"tr_number": 3,
	"tr_date": "2021-01-01 09:02",
	"tr_type": "sales",
	"subtype": "bookings",
	"customer_id": 2,
	"customer_name": "Joshua Kimmich",
	"customer_type": "private",
	"remarks": "no",
	"hotel_id": "Munich",
	"booking_id": 3.1,
	"room_type": 3,
	"room_number": 301,
	"check_in": "2021-01-02",
	"check_out": "2021-01-05",
	"duration": 3,
	"room_price_base": 300,
	"room_tax_7": 21,
	"room_price_taxed": 321,
	"amount_due": 963,
	"amount_paid": 963,
	"payment_method": "card",
	"debit_ac": "bank",
	"credit_ac": "sales",
	"debit_amount": 963,
	"credit_amount": 963
},
{
	"_id": {
		"$oid": "60f5adb2f586f00cf5810b16"
	},
	"tr_number": 4,
	"tr_date": "2021-01-01 09:02",
	"tr_type": "sales",
	"subtype": "bookings",
	"customer_id": 2,
	"customer_name": "Joshua Kimmich",
	"customer_type": "private",
	"remarks": "no",
	"hotel_id": "Munich",
	"booking_id": 3.2,
	"room_type": 3,
	"room_number": 302,
	"check_in": "2021-01-02",
	"check_out": "2021-01-05",
	"duration": 3,
	"room_price_base": 300,
	"room_tax_7": 21,
	"room_price_taxed": 321,
	"amount_due": 963,
	"amount_paid": 963,
	"payment_method": "card",
	"debit_ac": "bank",
	"credit_ac": "sales",
	"debit_amount": 963,
	"credit_amount": 963
},
{
	"_id": {
		"$oid": "60f5adb2f586f00cf5810b17"
	},
	"tr_number": 5,
	"tr_date": "2021-01-01 10:12",
	"tr_type": "sales",
	"subtype": "bookings",
	"customer_id": 3,
	"customer_name": "Mario Gotze",
	"customer_type": "family",
	"remarks": "no",
	"hotel_id": "Hamburg",
	"booking_id": 2.1,
	"room_type": 2,
	"room_number": 201,
	"check_in": "2021-01-01",
	"check_out": "2021-01-16",
	"duration": 15,
	"room_price_base": 250,
	"room_tax_7": 17.5,
	"room_price_taxed": 267.5,
	"amount_due": 4012.5,
	"amount_paid": 4012.5,
	"payment_method": "card",
	"debit_ac": "bank",
	"credit_ac": "sales",
	"debit_amount": 4012.5,
	"credit_amount": 4012.5
},
{
	"_id": {
		"$oid": "60f5adb2f586f00cf5810b18"
	},
	"tr_number": 41,
	"tr_date": "2021-01-01 20:01",
	"tr_type": "sales",
	"subtype": "bookings",
	"customer_id": 1,
	"customer_name": "Manuel Neuer",
	"customer_type": "business",
	"remarks": "no",
	"hotel_id": "Berlin",
	"booking_id": 1.2,
	"room_type": 1,
	"room_number": 101,
	"check_in": "2021-01-05",
	"check_out": "2021-01-06",
	"duration": 1,
	"room_price_base": 200,
	"room_tax_7": 14,
	"room_price_taxed": 214,
	"amount_due": 214,
	"amount_paid": 214,
	"payment_method": "card",
	"debit_ac": "bank",
	"credit_ac": "sales",
	"debit_amount": 214,
	"credit_amount": 214
},
{
	"_id": {
		"$oid": "60f5adb2f586f00cf5810b19"
	},
	"tr_number": 10,
	"tr_date": "2021-01-02 17:00",
	"tr_type": "sales",
	"subtype": "bookings",
	"customer_id": 4,
	"customer_name": "Simona Halep",
	"customer_type": "family",
	"remarks": "no",
	"hotel_id": "Frankfurt",
	"booking_id": 4.1,
	"room_type": 2,
	"room_number": 101,
	"check_in": "2021-01-02",
	"check_out": "2021-01-03",
	"duration": 1,
	"room_price_base": 250,
	"room_tax_7": 17,
	"room_price_taxed": 267,
	"amount_due": 267,
	"amount_paid": 267,
	"payment_method": "cash",
	"debit_ac": "bank",
	"credit_ac": "sales",
	"debit_amount": 267,
	"credit_amount": 267
},
{
	"_id": {
		"$oid": "60f5c1d6f586f00cf5810b1a"
	},
	"tr_number": 6,
	"tr_date": "2021-01-01 18:00",
	"tr_type": "expenses",
	"subtype": "wages",
	"staff_dept": "housekeeping",
	"remarks": "no",
	"hotel_id": "Berlin",
	"invoice_id": 1.2,
	"num_employees": 25,
	"hrs_worked_daily": 8,
	"hourly_rate": 10,
	"days_worked": 23,
	"amount_due": 46000,
	"amount_paid": 46000,
	"payment_method": "bank",
	"debit_ac": "wages",
	"credit_ac": "bank",
	"debit_amount": 46000,
	"credit_amount": 46000
},
{
	"_id": {
		"$oid": "60f5c1d6f586f00cf5810b1b"
	},
	"tr_number": 7,
	"tr_date": "2021-01-01 18:00",
	"tr_type": "expenses",
	"subtype": "wages",
	"staff_dept": "housekeeping",
	"remarks": "no",
	"hotel_id": "Hamburg",
	"invoice_id": 2.1,
	"num_employees": 25,
	"hrs_worked_daily": 8,
	"hourly_rate": 10,
	"days_worked": 23,
	"amount_due": 46000,
	"amount_paid": 46000,
	"payment_method": "bank",
	"debit_ac": "wages",
	"credit_ac": "bank",
	"debit_amount": 46000,
	"credit_amount": 46000
},
{
	"_id": {
		"$oid": "60f5c1d6f586f00cf5810b1c"
	},
	"tr_number": 8,
	"tr_date": "2021-01-01 18:00",
	"tr_type": "expenses",
	"subtype": "wages",
	"staff_dept": "housekeeping",
	"remarks": "no",
	"hotel_id": "Munich",
	"invoice_id": 3.1,
	"num_employees": 25,
	"hrs_worked_daily": 8,
	"hourly_rate": 10,
	"days_worked": 23,
	"amount_due": 46000,
	"amount_paid": 46000,
	"payment_method": "bank",
	"debit_ac": "wages",
	"credit_ac": "bank",
	"debit_amount": 46000,
	"credit_amount": 46000
},
{
	"_id": {
		"$oid": "60f5c1d6f586f00cf5810b1d"
	},
	"tr_number": 9,
	"tr_date": "2021-01-01 18:00",
	"tr_type": "expenses",
	"subtype": "wages",
	"staff_dept": "housekeeping",
	"remarks": "no",
	"hotel_id": "Frankfurt",
	"invoice_id": 4.1,
	"num_employees": 15,
	"hrs_worked_daily": 8,
	"hourly_rate": 10,
	"days_worked": 23,
	"amount_due": 27600,
	"amount_paid": 27600,
	"payment_method": "bank",
	"debit_ac": "wages",
	"credit_ac": "bank",
	"debit_amount": 27600,
	"credit_amount": 27600
},
{
	"_id": {
		"$oid": "60f5c1d6f586f00cf5810b1e"
	},
	"tr_number": 11,
	"tr_date": "2021-01-01 18:00",
	"tr_type": "expenses",
	"subtype": "wages",
	"staff_dept": "housekeeping",
	"remarks": "no",
	"hotel_id": "Stuttgart",
	"invoice_id": 5.1,
	"num_employees": 15,
	"hrs_worked_daily": 8,
	"hourly_rate": 10,
	"days_worked": 23,
	"amount_due": 27600,
	"amount_paid": 27600,
	"payment_method": "bank",
	"debit_ac": "wages",
	"credit_ac": "bank",
	"debit_amount": 27600,
	"credit_amount": 27600
},
{
	"_id": {
		"$oid": "60f5d1d3f586f00cf5810b1f"
	},
	"tr_number": 12,
	"tr_date": "2021-01-01 18:00",
	"tr_type": "expenses",
	"subtype": "salary",
	"staff_dept": "management",
	"remarks": "no",
	"hotel_id": "Berlin",
	"invoice_id": 1.3,
	"num_employees": 2,
	"monthly_rate": 3000,
	"amount_due": 6000,
	"amount_paid": 6000,
	"payment_method": "bank",
	"debit_ac": "salary",
	"credit_ac": "bank",
	"debit_amount": 6000,
	"credit_amount": 6000
},
{
	"_id": {
		"$oid": "60f5d1d3f586f00cf5810b20"
	},
	"tr_number": 13,
	"tr_date": "2021-01-01 18:00",
	"tr_type": "expenses",
	"subtype": "salary",
	"staff_dept": "management",
	"remarks": "no",
	"hotel_id": "Hamburg",
	"invoice_id": 2.2,
	"num_employees": 2,
	"monthly_rate": 3000,
	"amount_due": 6000,
	"amount_paid": 6000,
	"payment_method": "bank",
	"debit_ac": "salary",
	"credit_ac": "bank",
	"debit_amount": 6000,
	"credit_amount": 6000
},
{
	"_id": {
		"$oid": "60f5d1d3f586f00cf5810b21"
	},
	"tr_number": 14,
	"tr_date": "2021-01-01 18:00",
	"tr_type": "expenses",
	"subtype": "salary",
	"staff_dept": "management",
	"remarks": "no",
	"hotel_id": "Munich",
	"invoice_id": 3.2,
	"num_employees": 2,
	"monthly_rate": 3000,
	"amount_due": 6000,
	"amount_paid": 6000,
	"payment_method": "bank",
	"debit_ac": "salary",
	"credit_ac": "bank",
	"debit_amount": 6000,
	"credit_amount": 6000
},
{
	"_id": {
		"$oid": "60f5d1d3f586f00cf5810b22"
	},
	"tr_number": 15,
	"tr_date": "2021-01-01 18:00",
	"tr_type": "expenses",
	"subtype": "salary",
	"staff_dept": "management",
	"remarks": "no",
	"hotel_id": "Frankfurt",
	"invoice_id": 4.2,
	"num_employees": 1,
	"monthly_rate": 3000,
	"amount_due": 3000,
	"amount_paid": 3000,
	"payment_method": "bank",
	"debit_ac": "salary",
	"credit_ac": "bank",
	"debit_amount": 3000,
	"credit_amount": 3000
},
{
	"_id": {
		"$oid": "60f5d1d3f586f00cf5810b23"
	},
	"tr_number": 16,
	"tr_date": "2021-01-01 18:00",
	"tr_type": "expenses",
	"subtype": "salary",
	"staff_dept": "management",
	"remarks": "no",
	"hotel_id": "Stuttgart",
	"invoice_id": 5.2,
	"num_employees": 1,
	"monthly_rate": 3000,
	"amount_due": 3000,
	"amount_paid": 3000,
	"payment_method": "bank",
	"debit_ac": "salary",
	"credit_ac": "bank",
	"debit_amount": 3000,
	"credit_amount": 3000
},
{
	"_id": {
		"$oid": "60f5d474f586f00cf5810b24"
	},
	"tr_number": 17,
	"tr_date": "2021-01-01 18:00",
	"tr_type": "expenses",
	"subtype": "utilities",
	"vendor_id": 2,
	"vendor_name": "Gazprom",
	"remarks": "electricity, water, heating, internet, phone, tv",
	"hotel_id": "Berlin",
	"invoice_id": 1.4,
	"amount_due": 5000,
	"amount_paid": 5000,
	"payment_method": "bank",
	"debit_ac": "utilities",
	"credit_ac": "bank",
	"debit_amount": 5000,
	"credit_amount": 5000
},
{
	"_id": {
		"$oid": "60f5d474f586f00cf5810b25"
	},
	"tr_number": 18,
	"tr_date": "2021-01-01 18:00",
	"tr_type": "expenses",
	"subtype": "utilities",
	"vendor_id": 2,
	"vendor_name": "Gazprom",
	"remarks": "electricity, water, heating, internet, phone, tv",
	"hotel_id": "Hamburg",
	"invoice_id": 2.3,
	"amount_due": 5000,
	"amount_paid": 5000,
	"payment_method": "bank",
	"debit_ac": "utilities",
	"credit_ac": "bank",
	"debit_amount": 5000,
	"credit_amount": 5000
},
{
	"_id": {
		"$oid": "60f5d474f586f00cf5810b26"
	},
	"tr_number": 19,
	"tr_date": "2021-01-01 18:00",
	"tr_type": "expenses",
	"subtype": "utilities",
	"vendor_id": 2,
	"vendor_name": "Gazprom",
	"remarks": "electricity, water, heating, internet, phone, tv",
	"hotel_id": "Munich",
	"invoice_id": 3.3,
	"amount_due": 5000,
	"amount_paid": 5000,
	"payment_method": "bank",
	"debit_ac": "utilities",
	"credit_ac": "bank",
	"debit_amount": 5000,
	"credit_amount": 5000
},
{
	"_id": {
		"$oid": "60f5d474f586f00cf5810b27"
	},
	"tr_number": 20,
	"tr_date": "2021-01-01 18:00",
	"tr_type": "expenses",
	"subtype": "utilities",
	"vendor_id": 2,
	"vendor_name": "Gazprom",
	"remarks": "electricity, water, heating, internet, phone, tv",
	"hotel_id": "Frankfurt",
	"invoice_id": 4.3,
	"amount_due": 4000,
	"amount_paid": 4000,
	"payment_method": "bank",
	"debit_ac": "utilities",
	"credit_ac": "bank",
	"debit_amount": 4000,
	"credit_amount": 4000
},
{
	"_id": {
		"$oid": "60f5d474f586f00cf5810b28"
	},
	"tr_number": 21,
	"tr_date": "2021-01-01 18:00",
	"tr_type": "expenses",
	"subtype": "utilities",
	"vendor_id": 2,
	"vendor_name": "Gazprom",
	"remarks": "electricity, water, heating, internet, phone, tv",
	"hotel_id": "Stuttgart",
	"invoice_id": 5.3,
	"amount_due": 4000,
	"amount_paid": 4000,
	"payment_method": "bank",
	"debit_ac": "utilities",
	"credit_ac": "bank",
	"debit_amount": 4000,
	"credit_amount": 4000
},
{
	"_id": {
		"$oid": "60f5da66f586f00cf5810b29"
	},
	"tr_number": 22,
	"tr_date": "2021-01-01 19:00",
	"tr_type": "purchases",
	"subtype": "supplies",
	"vendor_id": 1,
	"vendor_name": "Rewe",
	"remarks": "no",
	"hotel_id": "Hamburg",
	"invoice_id": 2.4,
	"item": "cleaning supplies",
	"rate": 0.5,
	"quantity": 10000,
	"amount_due": 5000,
	"amount_paid": 5000,
	"payment_method": "bank",
	"debit_ac": "purchases",
	"credit_ac": "bank",
	"debit_amount": 5000,
	"credit_amount": 5000,
	"inventory_consumed": 0,
	"inventory_left": 10000
},
{
	"_id": {
		"$oid": "60f5da66f586f00cf5810b2a"
	},
	"tr_number": 23,
	"tr_date": "2021-01-01 19:00",
	"tr_type": "purchases",
	"subtype": "supplies",
	"vendor_id": 1,
	"vendor_name": "Rewe",
	"remarks": "no",
	"hotel_id": "Munich",
	"invoice_id": 3.4,
	"item": "cleaning supplies",
	"rate": 0.5,
	"quantity": 10000,
	"amount_due": 5000,
	"amount_paid": 5000,
	"payment_method": "bank",
	"debit_ac": "purchases",
	"credit_ac": "bank",
	"debit_amount": 5000,
	"credit_amount": 5000,
	"inventory_consumed": 0,
	"inventory_left": 10000
},
{
	"_id": {
		"$oid": "60f5da66f586f00cf5810b2b"
	},
	"tr_number": 24,
	"tr_date": "2021-01-01 19:00",
	"tr_type": "purchases",
	"subtype": "supplies",
	"vendor_id": 1,
	"vendor_name": "Rewe",
	"remarks": "no",
	"hotel_id": "Frankfurt",
	"invoice_id": 4.4,
	"item": "cleaning supplies",
	"rate": 0.5,
	"quantity": 6000,
	"amount_due": 3000,
	"amount_paid": 3000,
	"payment_method": "bank",
	"debit_ac": "purchases",
	"credit_ac": "bank",
	"debit_amount": 3000,
	"credit_amount": 3000,
	"inventory_consumed": 0,
	"inventory_left": 6000
},
{
	"_id": {
		"$oid": "60f5da66f586f00cf5810b2c"
	},
	"tr_number": 25,
	"tr_date": "2021-01-01 19:00",
	"tr_type": "purchases",
	"subtype": "supplies",
	"vendor_id": 1,
	"vendor_name": "Rewe",
	"remarks": "no",
	"hotel_id": "Stuttgart",
	"invoice_id": 5.4,
	"item": "cleaning supplies",
	"rate": 0.5,
	"quantity": 6000,
	"amount_due": 3000,
	"amount_paid": 3000,
	"payment_method": "bank",
	"debit_ac": "purchases",
	"credit_ac": "bank",
	"debit_amount": 3000,
	"credit_amount": 3000,
	"inventory_consumed": 0,
	"inventory_left": 6000
},
{
	"_id": {
		"$oid": "60f5eba1f586f00cf5810b2d"
	},
	"tr_number": 26,
	"tr_date": "2021-01-03 10:02",
	"tr_type": "sales",
	"subtype": "bookings",
	"customer_id": 5,
	"customer_name": "Roger Federer",
	"customer_type": "family",
	"remarks": "no",
	"hotel_id": "Berlin",
	"booking_id": 1.3,
	"room_type": 4,
	"room_number": 401,
	"check_in": "2021-01-10",
	"check_out": "2021-01-20",
	"duration": 10,
	"room_price_base": 350,
	"room_tax_7": 24.5,
	"room_price_taxed": 374.5,
	"amount_due": 3745,
	"amount_paid": 3745,
	"payment_method": "card",
	"debit_ac": "bank",
	"credit_ac": "sales",
	"debit_amount": 3745,
	"credit_amount": 3745
},
{
	"_id": {
		"$oid": "60f5eba1f586f00cf5810b2e"
	},
	"tr_number": 27,
	"tr_date": "2021-01-04 01:00",
	"tr_type": "sales",
	"subtype": "bookings",
	"customer_id": 6,
	"customer_name": "Max Payne",
	"customer_type": "private",
	"remarks": "no",
	"hotel_id": "Berlin",
	"booking_id": 1.4,
	"room_type": 1,
	"room_number": 110,
	"check_in": "2021-01-05",
	"check_out": "2021-02-4",
	"duration": 30,
	"room_price_base": 200,
	"room_tax_7": 14,
	"room_price_taxed": 214,
	"amount_due": 6420,
	"amount_paid": 2000,
	"payment_method": "card",
	"debit_ac": "bank",
	"credit_ac": "sales",
	"debit_amount": 2000,
	"credit_amount": 6420,
	"receivable": 3420
},
{
	"_id": {
		"$oid": "60f5eba1f586f00cf5810b2f"
	},
	"tr_number": 28,
	"tr_date": "2021-01-10 00:02",
	"tr_type": "sales",
	"subtype": "bookings",
	"customer_id": 7,
	"customer_name": "Lara Croft",
	"customer_type": "private",
	"remarks": "no",
	"hotel_id": "Berlin",
	"booking_id": 1.5,
	"room_type": 3,
	"room_number": 302,
	"check_in": "2021-01-15",
	"check_out": "2021-01-20",
	"duration": 5,
	"room_price_base": 300,
	"room_tax_7": 21,
	"room_price_taxed": 321,
	"amount_due": 1605,
	"amount_paid": 2000,
	"payment_method": "card",
	"debit_ac": "bank",
	"credit_ac": "sales",
	"debit_amount": 2000,
	"credit_amount": 1605,
	"payable": 395
},
{
	"_id": {
		"$oid": "60f5eba1f586f00cf5810b30"
	},
	"tr_number": 29,
	"tr_date": "2021-01-02 10:02",
	"tr_type": "sales",
	"subtype": "bookings",
	"customer_id": 8,
	"customer_name": "Neymar",
	"customer_type": "business",
	"remarks": "no",
	"hotel_id": "Berlin",
	"booking_id": 1.6,
	"room_type": 4,
	"room_number": 408,
	"check_in": "2021-02-03",
	"check_out": "2021-02-14",
	"duration": 11,
	"room_price_base": 350,
	"room_tax_7": 24,
	"room_price_taxed": 374,
	"amount_due": 4114,
	"amount_paid": 4114,
	"payment_method": "cash",
	"debit_ac": "bank",
	"credit_ac": "sales",
	"debit_amount": 4114,
	"credit_amount": 4114
},
{
	"_id": {
		"$oid": "60f5eba1f586f00cf5810b31"
	},
	"tr_number": 30,
	"tr_date": "2021-02-15 10:02",
	"tr_type": "sales",
	"subtype": "bookings",
	"customer_id": 9,
	"customer_name": "Bain",
	"customer_type": "corporate",
	"remarks": "no",
	"hotel_id": "Berlin",
	"booking_id": 1.7,
	"room_type": 3,
	"room_number": 306,
	"check_in": "2021-02-15",
	"check_out": "2021-02-25",
	"duration": 10,
	"room_price_base": 300,
	"room_tax_7": 21,
	"room_price_taxed": 321,
	"amount_due": 3210,
	"amount_paid": 0,
	"payment_method": "card",
	"debit_ac": "bank",
	"credit_ac": "sales",
	"debit_amount": 0,
	"credit_amount": 3210,
	"receivable": 3210
},
{
	"_id": {
		"$oid": "60f5eba1f586f00cf5810b32"
	},
	"tr_number": 31,
	"tr_date": "2021-02-15 10:02",
	"tr_type": "sales",
	"subtype": "bookings",
	"customer_id": 9,
	"customer_name": "Bain",
	"customer_type": "corporate",
	"remarks": "no",
	"hotel_id": "Berlin",
	"booking_id": 1.8,
	"room_type": 3,
	"room_number": 305,
	"check_in": "2021-02-15",
	"check_out": "2021-02-25",
	"duration": 10,
	"room_price_base": 300,
	"room_tax_7": 21,
	"room_price_taxed": 321,
	"amount_due": 3210,
	"amount_paid": 0,
	"payment_method": "card",
	"debit_ac": "bank",
	"credit_ac": "sales",
	"debit_amount": 0,
	"credit_amount": 3210,
	"receivable": 3210
},
{
	"_id": {
		"$oid": "60f5eba1f586f00cf5810b33"
	},
	"tr_number": 32,
	"tr_date": "2021-02-15 10:02",
	"tr_type": "sales",
	"subtype": "bookings",
	"customer_id": 9,
	"customer_name": "Bain",
	"customer_type": "corporate",
	"remarks": "no",
	"hotel_id": "Berlin",
	"booking_id": 1.9,
	"room_type": 3,
	"room_number": 304,
	"check_in": "2021-02-15",
	"check_out": "2021-02-25",
	"duration": 10,
	"room_price_base": 300,
	"room_tax_7": 21,
	"room_price_taxed": 321,
	"amount_due": 3210,
	"amount_paid": 0,
	"payment_method": "card",
	"debit_ac": "bank",
	"credit_ac": "sales",
	"debit_amount": 0,
	"credit_amount": 3210,
	"receivable": 3210
},
{
	"_id": {
		"$oid": "60f5eba1f586f00cf5810b34"
	},
	"tr_number": 33,
	"tr_date": "2021-02-21 09:00",
	"tr_type": "sales",
	"subtype": "bookings",
	"customer_id": 10,
	"customer_name": "Mckinsey",
	"customer_type": "corporate",
	"remarks": "no",
	"hotel_id": "Berlin",
	"booking_id": 1.1,
	"room_type": 1,
	"room_number": 115,
	"check_in": "2021-01-21",
	"check_out": "2021-03-4",
	"duration": 10,
	"room_price_base": 200,
	"room_tax_7": 14,
	"room_price_taxed": 214,
	"amount_due": 2140,
	"amount_paid": 2140,
	"payment_method": "cash",
	"debit_ac": "bank",
	"credit_ac": "sales",
	"debit_amount": 0,
	"credit_amount": 2140,
	"receivable": 2140
},
{
	"_id": {
		"$oid": "60f5eba1f586f00cf5810b35"
	},
	"tr_number": 34,
	"tr_date": "2021-02-21 09:00",
	"tr_type": "sales",
	"subtype": "bookings",
	"customer_id": 10,
	"customer_name": "Mckinsey",
	"customer_type": "corporate",
	"remarks": "no",
	"hotel_id": "Berlin",
	"booking_id": 1.11,
	"room_type": 1,
	"room_number": 114,
	"check_in": "2021-01-21",
	"check_out": "2021-03-4",
	"duration": 10,
	"room_price_base": 200,
	"room_tax_7": 14,
	"room_price_taxed": 214,
	"amount_due": 2140,
	"amount_paid": 2140,
	"payment_method": "cash",
	"debit_ac": "bank",
	"credit_ac": "sales",
	"debit_amount": 0,
	"credit_amount": 2140,
	"receivable": 2140
},
{
	"_id": {
		"$oid": "60f5eba1f586f00cf5810b36"
	},
	"tr_number": 35,
	"tr_date": "2021-02-21 09:00",
	"tr_type": "sales",
	"subtype": "bookings",
	"customer_id": 10,
	"customer_name": "Mckinsey",
	"customer_type": "corporate",
	"remarks": "no",
	"hotel_id": "Berlin",
	"booking_id": 1.12,
	"room_type": 1,
	"room_number": 113,
	"check_in": "2021-01-21",
	"check_out": "2021-03-4",
	"duration": 10,
	"room_price_base": 200,
	"room_tax_7": 14,
	"room_price_taxed": 214,
	"amount_due": 2140,
	"amount_paid": 2140,
	"payment_method": "cash",
	"debit_ac": "bank",
	"credit_ac": "sales",
	"debit_amount": 0,
	"credit_amount": 2140,
	"receivable": 2140
},
{
	"_id": {
		"$oid": "60f5eba1f586f00cf5810b37"
	},
	"tr_number": 36,
	"tr_date": "2021-02-21 09:00",
	"tr_type": "sales",
	"subtype": "bookings",
	"customer_id": 10,
	"customer_name": "Mckinsey",
	"customer_type": "corporate",
	"remarks": "no",
	"hotel_id": "Berlin",
	"booking_id": 1.13,
	"room_type": 1,
	"room_number": 112,
	"check_in": "2021-01-21",
	"check_out": "2021-03-4",
	"duration": 10,
	"room_price_base": 200,
	"room_tax_7": 14,
	"room_price_taxed": 214,
	"amount_due": 2140,
	"amount_paid": 2140,
	"payment_method": "cash",
	"debit_ac": "bank",
	"credit_ac": "sales",
	"debit_amount": 0,
	"credit_amount": 2140,
	"receivable": 2140
},
{
	"_id": {
		"$oid": "60f5ecbaf586f00cf5810b38"
	},
	"tr_number": 37,
	"tr_date": "2021-02-01 18:00",
	"tr_type": "expenses",
	"subtype": "utilities",
	"vendor_id": 2,
	"vendor_name": "Gazprom",
	"remarks": "electricity, water, heating, internet, phone, tv",
	"hotel_id": "Berlin",
	"invoice_id": 1.5,
	"amount_due": 5000,
	"amount_paid": 5000,
	"payment_method": "bank",
	"debit_ac": "utilities",
	"credit_ac": "bank",
	"debit_amount": 5000,
	"credit_amount": 5000
},
{
	"_id": {
		"$oid": "60f5ecbaf586f00cf5810b39"
	},
	"tr_number": 38,
	"tr_date": "2021-02-01 18:00",
	"tr_type": "expenses",
	"subtype": "salary",
	"staff_dept": "management",
	"remarks": "no",
	"hotel_id": "Berlin",
	"invoice_id": 1.6,
	"num_employees": 2,
	"monthly_rate": 3000,
	"amount_due": 6000,
	"amount_paid": 6000,
	"payment_method": "bank",
	"debit_ac": "salary",
	"credit_ac": "bank",
	"debit_amount": 6000,
	"credit_amount": 6000
},
{
	"_id": {
		"$oid": "60f5ecbaf586f00cf5810b3a"
	},
	"tr_number": 39,
	"tr_date": "2021-02-01 18:00",
	"tr_type": "expenses",
	"subtype": "wages",
	"staff_dept": "housekeeping",
	"remarks": "no",
	"hotel_id": "Berlin",
	"invoice_id": 1.7,
	"num_employees": 25,
	"hrs_worked_daily": 8,
	"hourly_rate": 10,
	"days_worked": 23,
	"amount_due": 46000,
	"amount_paid": 46000,
	"payment_method": "bank",
	"debit_ac": "wages",
	"credit_ac": "bank",
	"debit_amount": 46000,
	"credit_amount": 46000
},
{
	"_id": {
		"$oid": "60f5ee0df586f00cf5810b3b"
	},
	"tr_number": 40,
	"tr_date": "2021-02-01 19:00",
	"tr_type": "purchases",
	"subtype": "linen",
	"vendor_id": 3,
	"vendor_name": "Gucci",
	"remarks": "no",
	"hotel_id": "Berlin",
	"invoice_id": 1.8,
	"item": "bed sheets",
	"rate": 100,
	"quantity": 200,
	"amount_due": 20000,
	"amount_paid": 2000,
	"payment_method": "bank",
	"debit_ac": "purchases",
	"credit_ac": "bank",
	"debit_amount": 20000,
	"credit_amount": 2000,
	"payable": 18000,
	"inventory_consumed": 0,
	"inventory_left": 200
}]

